-- ADD CATEGORIES

-- Expenditure Categories
INSERT INTO `categories` (`id`,`name`,`date_created`,`last_updated`,`version`) VALUES(1,'Banking',CURRENT_TIMESTAMP,CURRENT_TIMESTAMP,'0');
INSERT INTO `categories` (`id`,`name`,`date_created`,`last_updated`,`version`) VALUES(2,'Bank charges',CURRENT_TIMESTAMP,CURRENT_TIMESTAMP,'0');
INSERT INTO `categories` (`id`,`name`,`date_created`,`last_updated`,`version`) VALUES(3,'Cash withdrawal',CURRENT_TIMESTAMP,CURRENT_TIMESTAMP,'0');
INSERT INTO `categories` (`id`,`name`,`date_created`,`last_updated`,`version`) VALUES(4,'Government Duty',CURRENT_TIMESTAMP,CURRENT_TIMESTAMP,'0');
INSERT INTO `categories` (`id`,`name`,`date_created`,`last_updated`,`version`) VALUES(5,'Savings Withdrawal',CURRENT_TIMESTAMP,CURRENT_TIMESTAMP,'0');
INSERT INTO `categories` (`id`,`name`,`date_created`,`last_updated`,`version`) VALUES(6,'Transfer Out',CURRENT_TIMESTAMP,CURRENT_TIMESTAMP,'0');
INSERT INTO `categories` (`id`,`name`,`date_created`,`last_updated`,`version`) VALUES(7,'Business',CURRENT_TIMESTAMP,CURRENT_TIMESTAMP,'0');
INSERT INTO `categories` (`id`,`name`,`date_created`,`last_updated`,`version`) VALUES(8,'Business Expenses',CURRENT_TIMESTAMP,CURRENT_TIMESTAMP,'0');
INSERT INTO `categories` (`id`,`name`,`date_created`,`last_updated`,`version`) VALUES(9,'Home Business',CURRENT_TIMESTAMP,CURRENT_TIMESTAMP,'0');
INSERT INTO `categories` (`id`,`name`,`date_created`,`last_updated`,`version`) VALUES(10,'Credit',CURRENT_TIMESTAMP,CURRENT_TIMESTAMP,'0');
INSERT INTO `categories` (`id`,`name`,`date_created`,`last_updated`,`version`) VALUES(11,'Credit Card Payment',CURRENT_TIMESTAMP,CURRENT_TIMESTAMP,'0');
INSERT INTO `categories` (`id`,`name`,`date_created`,`last_updated`,`version`) VALUES(12,'Interest',CURRENT_TIMESTAMP,CURRENT_TIMESTAMP,'0');
INSERT INTO `categories` (`id`,`name`,`date_created`,`last_updated`,`version`) VALUES(13,'Loan Payment',CURRENT_TIMESTAMP,CURRENT_TIMESTAMP,'0');
INSERT INTO `categories` (`id`,`name`,`date_created`,`last_updated`,`version`) VALUES(14,'Car Finance',CURRENT_TIMESTAMP,CURRENT_TIMESTAMP,'0');
INSERT INTO `categories` (`id`,`name`,`date_created`,`last_updated`,`version`) VALUES(15,'Entertainment',CURRENT_TIMESTAMP,CURRENT_TIMESTAMP,'0');
INSERT INTO `categories` (`id`,`name`,`date_created`,`last_updated`,`version`) VALUES(16,'Restaurants, Coffee Shops, Bars',CURRENT_TIMESTAMP,CURRENT_TIMESTAMP,'0');
INSERT INTO `categories` (`id`,`name`,`date_created`,`last_updated`,`version`) VALUES(17,'Childrens Entertainment',CURRENT_TIMESTAMP,CURRENT_TIMESTAMP,'0');
INSERT INTO `categories` (`id`,`name`,`date_created`,`last_updated`,`version`) VALUES(18,'Cinema, Concerts and Theatre',CURRENT_TIMESTAMP,CURRENT_TIMESTAMP,'0');
INSERT INTO `categories` (`id`,`name`,`date_created`,`last_updated`,`version`) VALUES(19,'Gambling',CURRENT_TIMESTAMP,CURRENT_TIMESTAMP,'0');
INSERT INTO `categories` (`id`,`name`,`date_created`,`last_updated`,`version`) VALUES(20,'Games & Apps',CURRENT_TIMESTAMP,CURRENT_TIMESTAMP,'0');
INSERT INTO `categories` (`id`,`name`,`date_created`,`last_updated`,`version`) VALUES(21,'Museum, Gallery, Zoos & Parks',CURRENT_TIMESTAMP,CURRENT_TIMESTAMP,'0');
INSERT INTO `categories` (`id`,`name`,`date_created`,`last_updated`,`version`) VALUES(22,'Subscriptions: Music, TV, Etc.',CURRENT_TIMESTAMP,CURRENT_TIMESTAMP,'0');
INSERT INTO `categories` (`id`,`name`,`date_created`,`last_updated`,`version`) VALUES(23,'Sports event',CURRENT_TIMESTAMP,CURRENT_TIMESTAMP,'0');
INSERT INTO `categories` (`id`,`name`,`date_created`,`last_updated`,`version`) VALUES(24,'Health',CURRENT_TIMESTAMP,CURRENT_TIMESTAMP,'0');
INSERT INTO `categories` (`id`,`name`,`date_created`,`last_updated`,`version`) VALUES(25,'Dentist',CURRENT_TIMESTAMP,CURRENT_TIMESTAMP,'0');
INSERT INTO `categories` (`id`,`name`,`date_created`,`last_updated`,`version`) VALUES(26,'Doctor & Medical Services',CURRENT_TIMESTAMP,CURRENT_TIMESTAMP,'0');
INSERT INTO `categories` (`id`,`name`,`date_created`,`last_updated`,`version`) VALUES(27,'Nursing Home',CURRENT_TIMESTAMP,CURRENT_TIMESTAMP,'0');
INSERT INTO `categories` (`id`,`name`,`date_created`,`last_updated`,`version`) VALUES(28,'Optician',CURRENT_TIMESTAMP,CURRENT_TIMESTAMP,'0');
INSERT INTO `categories` (`id`,`name`,`date_created`,`last_updated`,`version`) VALUES(29,'Pharmacy',CURRENT_TIMESTAMP,CURRENT_TIMESTAMP,'0');
INSERT INTO `categories` (`id`,`name`,`date_created`,`last_updated`,`version`) VALUES(30,'Physio',CURRENT_TIMESTAMP,CURRENT_TIMESTAMP,'0');
INSERT INTO `categories` (`id`,`name`,`date_created`,`last_updated`,`version`) VALUES(31,'Fitness',CURRENT_TIMESTAMP,CURRENT_TIMESTAMP,'0');
INSERT INTO `categories` (`id`,`name`,`date_created`,`last_updated`,`version`) VALUES(32,'Spa & Massage',CURRENT_TIMESTAMP,CURRENT_TIMESTAMP,'0');
INSERT INTO `categories` (`id`,`name`,`date_created`,`last_updated`,`version`) VALUES(33,'Sports & Fitness Equipment',CURRENT_TIMESTAMP,CURRENT_TIMESTAMP,'0');
INSERT INTO `categories` (`id`,`name`,`date_created`,`last_updated`,`version`) VALUES(34,'Gym & Fitness Memberships',CURRENT_TIMESTAMP,CURRENT_TIMESTAMP,'0');
INSERT INTO `categories` (`id`,`name`,`date_created`,`last_updated`,`version`) VALUES(35,'Household',CURRENT_TIMESTAMP,CURRENT_TIMESTAMP,'0');
INSERT INTO `categories` (`id`,`name`,`date_created`,`last_updated`,`version`) VALUES(36,'Broadband & TV ',CURRENT_TIMESTAMP,CURRENT_TIMESTAMP,'0');
INSERT INTO `categories` (`id`,`name`,`date_created`,`last_updated`,`version`) VALUES(37,'Home Energy & Heating',CURRENT_TIMESTAMP,CURRENT_TIMESTAMP,'0');
INSERT INTO `categories` (`id`,`name`,`date_created`,`last_updated`,`version`) VALUES(38,'Groceries',CURRENT_TIMESTAMP,CURRENT_TIMESTAMP,'0');
INSERT INTO `categories` (`id`,`name`,`date_created`,`last_updated`,`version`) VALUES(39,'Home Appliances',CURRENT_TIMESTAMP,CURRENT_TIMESTAMP,'0');
INSERT INTO `categories` (`id`,`name`,`date_created`,`last_updated`,`version`) VALUES(40,'Home Cleaning & Upkeep',CURRENT_TIMESTAMP,CURRENT_TIMESTAMP,'0');
INSERT INTO `categories` (`id`,`name`,`date_created`,`last_updated`,`version`) VALUES(41,'Management Fees',CURRENT_TIMESTAMP,CURRENT_TIMESTAMP,'0');
INSERT INTO `categories` (`id`,`name`,`date_created`,`last_updated`,`version`) VALUES(42,'Mortgage Payment',CURRENT_TIMESTAMP,CURRENT_TIMESTAMP,'0');
INSERT INTO `categories` (`id`,`name`,`date_created`,`last_updated`,`version`) VALUES(43,'Property Rates & Tax',CURRENT_TIMESTAMP,CURRENT_TIMESTAMP,'0');
INSERT INTO `categories` (`id`,`name`,`date_created`,`last_updated`,`version`) VALUES(44,'Waste Disposal',CURRENT_TIMESTAMP,CURRENT_TIMESTAMP,'0');
INSERT INTO `categories` (`id`,`name`,`date_created`,`last_updated`,`version`) VALUES(45,'Rent',CURRENT_TIMESTAMP,CURRENT_TIMESTAMP,'0');
INSERT INTO `categories` (`id`,`name`,`date_created`,`last_updated`,`version`) VALUES(46,'Water',CURRENT_TIMESTAMP,CURRENT_TIMESTAMP,'0');
INSERT INTO `categories` (`id`,`name`,`date_created`,`last_updated`,`version`) VALUES(47,'Estate Agent',CURRENT_TIMESTAMP,CURRENT_TIMESTAMP,'0');
INSERT INTO `categories` (`id`,`name`,`date_created`,`last_updated`,`version`) VALUES(48,'Insurance',CURRENT_TIMESTAMP,CURRENT_TIMESTAMP,'0');
INSERT INTO `categories` (`id`,`name`,`date_created`,`last_updated`,`version`) VALUES(49,'Vehicle Insurance',CURRENT_TIMESTAMP,CURRENT_TIMESTAMP,'0');
INSERT INTO `categories` (`id`,`name`,`date_created`,`last_updated`,`version`) VALUES(50,'Health Insurance',CURRENT_TIMESTAMP,CURRENT_TIMESTAMP,'0');
INSERT INTO `categories` (`id`,`name`,`date_created`,`last_updated`,`version`) VALUES(51,'Home Insurance',CURRENT_TIMESTAMP,CURRENT_TIMESTAMP,'0');
INSERT INTO `categories` (`id`,`name`,`date_created`,`last_updated`,`version`) VALUES(52,'Income Protection',CURRENT_TIMESTAMP,CURRENT_TIMESTAMP,'0');
INSERT INTO `categories` (`id`,`name`,`date_created`,`last_updated`,`version`) VALUES(53,'Life Assurance',CURRENT_TIMESTAMP,CURRENT_TIMESTAMP,'0');
INSERT INTO `categories` (`id`,`name`,`date_created`,`last_updated`,`version`) VALUES(54,'Pet Insurance',CURRENT_TIMESTAMP,CURRENT_TIMESTAMP,'0');
INSERT INTO `categories` (`id`,`name`,`date_created`,`last_updated`,`version`) VALUES(55,'Investments',CURRENT_TIMESTAMP,CURRENT_TIMESTAMP,'0');
INSERT INTO `categories` (`id`,`name`,`date_created`,`last_updated`,`version`) VALUES(56,'Investment Fees',CURRENT_TIMESTAMP,CURRENT_TIMESTAMP,'0');
INSERT INTO `categories` (`id`,`name`,`date_created`,`last_updated`,`version`) VALUES(57,'Pension',CURRENT_TIMESTAMP,CURRENT_TIMESTAMP,'0');
INSERT INTO `categories` (`id`,`name`,`date_created`,`last_updated`,`version`) VALUES(58,'Savings',CURRENT_TIMESTAMP,CURRENT_TIMESTAMP,'0');
INSERT INTO `categories` (`id`,`name`,`date_created`,`last_updated`,`version`) VALUES(59,'Capital Gains Tax',CURRENT_TIMESTAMP,CURRENT_TIMESTAMP,'0');
INSERT INTO `categories` (`id`,`name`,`date_created`,`last_updated`,`version`) VALUES(60,'Estate Agent Fees',CURRENT_TIMESTAMP,CURRENT_TIMESTAMP,'0');
INSERT INTO `categories` (`id`,`name`,`date_created`,`last_updated`,`version`) VALUES(61,'Investment Property Maintenace',CURRENT_TIMESTAMP,CURRENT_TIMESTAMP,'0');
INSERT INTO `categories` (`id`,`name`,`date_created`,`last_updated`,`version`) VALUES(62,'Investment Property Rates/Tax',CURRENT_TIMESTAMP,CURRENT_TIMESTAMP,'0');
INSERT INTO `categories` (`id`,`name`,`date_created`,`last_updated`,`version`) VALUES(63,'Miscellaneous',CURRENT_TIMESTAMP,CURRENT_TIMESTAMP,'0');
INSERT INTO `categories` (`id`,`name`,`date_created`,`last_updated`,`version`) VALUES(64,'Unknown',CURRENT_TIMESTAMP,CURRENT_TIMESTAMP,'0');
INSERT INTO `categories` (`id`,`name`,`date_created`,`last_updated`,`version`) VALUES(65,'Personal & Family',CURRENT_TIMESTAMP,CURRENT_TIMESTAMP,'0');
INSERT INTO `categories` (`id`,`name`,`date_created`,`last_updated`,`version`) VALUES(66,'Charity',CURRENT_TIMESTAMP,CURRENT_TIMESTAMP,'0');
INSERT INTO `categories` (`id`,`name`,`date_created`,`last_updated`,`version`) VALUES(67,'Childcare',CURRENT_TIMESTAMP,CURRENT_TIMESTAMP,'0');
INSERT INTO `categories` (`id`,`name`,`date_created`,`last_updated`,`version`) VALUES(68,'Education',CURRENT_TIMESTAMP,CURRENT_TIMESTAMP,'0');
INSERT INTO `categories` (`id`,`name`,`date_created`,`last_updated`,`version`) VALUES(69,'Family & Friends',CURRENT_TIMESTAMP,CURRENT_TIMESTAMP,'0');
INSERT INTO `categories` (`id`,`name`,`date_created`,`last_updated`,`version`) VALUES(70,'Funerals',CURRENT_TIMESTAMP,CURRENT_TIMESTAMP,'0');
INSERT INTO `categories` (`id`,`name`,`date_created`,`last_updated`,`version`) VALUES(71,'Hair & Beauty',CURRENT_TIMESTAMP,CURRENT_TIMESTAMP,'0');
INSERT INTO `categories` (`id`,`name`,`date_created`,`last_updated`,`version`) VALUES(72,'Hobbies',CURRENT_TIMESTAMP,CURRENT_TIMESTAMP,'0');
INSERT INTO `categories` (`id`,`name`,`date_created`,`last_updated`,`version`) VALUES(73,'Mobile Phones',CURRENT_TIMESTAMP,CURRENT_TIMESTAMP,'0');
INSERT INTO `categories` (`id`,`name`,`date_created`,`last_updated`,`version`) VALUES(74,'Pets',CURRENT_TIMESTAMP,CURRENT_TIMESTAMP,'0');
INSERT INTO `categories` (`id`,`name`,`date_created`,`last_updated`,`version`) VALUES(75,'Tax',CURRENT_TIMESTAMP,CURRENT_TIMESTAMP,'0');
INSERT INTO `categories` (`id`,`name`,`date_created`,`last_updated`,`version`) VALUES(76,'Weddings',CURRENT_TIMESTAMP,CURRENT_TIMESTAMP,'0');
INSERT INTO `categories` (`id`,`name`,`date_created`,`last_updated`,`version`) VALUES(77,'Legal',CURRENT_TIMESTAMP,CURRENT_TIMESTAMP,'0');
INSERT INTO `categories` (`id`,`name`,`date_created`,`last_updated`,`version`) VALUES(78,'Shopping',CURRENT_TIMESTAMP,CURRENT_TIMESTAMP,'0');
INSERT INTO `categories` (`id`,`name`,`date_created`,`last_updated`,`version`) VALUES(79,'Accessories',CURRENT_TIMESTAMP,CURRENT_TIMESTAMP,'0');
INSERT INTO `categories` (`id`,`name`,`date_created`,`last_updated`,`version`) VALUES(80,'Arts & Crafts',CURRENT_TIMESTAMP,CURRENT_TIMESTAMP,'0');
INSERT INTO `categories` (`id`,`name`,`date_created`,`last_updated`,`version`) VALUES(81,'Baby & Child',CURRENT_TIMESTAMP,CURRENT_TIMESTAMP,'0');
INSERT INTO `categories` (`id`,`name`,`date_created`,`last_updated`,`version`) VALUES(82,'Clothes & Shoes',CURRENT_TIMESTAMP,CURRENT_TIMESTAMP,'0');
INSERT INTO `categories` (`id`,`name`,`date_created`,`last_updated`,`version`) VALUES(83,'Electronics & Software',CURRENT_TIMESTAMP,CURRENT_TIMESTAMP,'0');
INSERT INTO `categories` (`id`,`name`,`date_created`,`last_updated`,`version`) VALUES(84,'Gardening & DIY',CURRENT_TIMESTAMP,CURRENT_TIMESTAMP,'0');
INSERT INTO `categories` (`id`,`name`,`date_created`,`last_updated`,`version`) VALUES(85,'News & Books',CURRENT_TIMESTAMP,CURRENT_TIMESTAMP,'0');
INSERT INTO `categories` (`id`,`name`,`date_created`,`last_updated`,`version`) VALUES(86,'Occasions & Gifts',CURRENT_TIMESTAMP,CURRENT_TIMESTAMP,'0');
INSERT INTO `categories` (`id`,`name`,`date_created`,`last_updated`,`version`) VALUES(87,'Online Purchases',CURRENT_TIMESTAMP,CURRENT_TIMESTAMP,'0');
INSERT INTO `categories` (`id`,`name`,`date_created`,`last_updated`,`version`) VALUES(88,'Toys & Games',CURRENT_TIMESTAMP,CURRENT_TIMESTAMP,'0');
INSERT INTO `categories` (`id`,`name`,`date_created`,`last_updated`,`version`) VALUES(89,'Travel',CURRENT_TIMESTAMP,CURRENT_TIMESTAMP,'0');
INSERT INTO `categories` (`id`,`name`,`date_created`,`last_updated`,`version`) VALUES(90,'Accommodation',CURRENT_TIMESTAMP,CURRENT_TIMESTAMP,'0');
INSERT INTO `categories` (`id`,`name`,`date_created`,`last_updated`,`version`) VALUES(91,'Rail & Bus',CURRENT_TIMESTAMP,CURRENT_TIMESTAMP,'0');
INSERT INTO `categories` (`id`,`name`,`date_created`,`last_updated`,`version`) VALUES(92,'Car Rental',CURRENT_TIMESTAMP,CURRENT_TIMESTAMP,'0');
INSERT INTO `categories` (`id`,`name`,`date_created`,`last_updated`,`version`) VALUES(93,'Ferry',CURRENT_TIMESTAMP,CURRENT_TIMESTAMP,'0');
INSERT INTO `categories` (`id`,`name`,`date_created`,`last_updated`,`version`) VALUES(94,'Flights',CURRENT_TIMESTAMP,CURRENT_TIMESTAMP,'0');
INSERT INTO `categories` (`id`,`name`,`date_created`,`last_updated`,`version`) VALUES(95,'Holidays',CURRENT_TIMESTAMP,CURRENT_TIMESTAMP,'0');
INSERT INTO `categories` (`id`,`name`,`date_created`,`last_updated`,`version`) VALUES(96,'Road Tolls',CURRENT_TIMESTAMP,CURRENT_TIMESTAMP,'0');
INSERT INTO `categories` (`id`,`name`,`date_created`,`last_updated`,`version`) VALUES(97,'Taxi',CURRENT_TIMESTAMP,CURRENT_TIMESTAMP,'0');
INSERT INTO `categories` (`id`,`name`,`date_created`,`last_updated`,`version`) VALUES(98,'Tours & Activities',CURRENT_TIMESTAMP,CURRENT_TIMESTAMP,'0');
INSERT INTO `categories` (`id`,`name`,`date_created`,`last_updated`,`version`) VALUES(99,'Vehicles',CURRENT_TIMESTAMP,CURRENT_TIMESTAMP,'0');
INSERT INTO `categories` (`id`,`name`,`date_created`,`last_updated`,`version`) VALUES(100,'Car Maintenance',CURRENT_TIMESTAMP,CURRENT_TIMESTAMP,'0');
INSERT INTO `categories` (`id`,`name`,`date_created`,`last_updated`,`version`) VALUES(101,'Car purchase',CURRENT_TIMESTAMP,CURRENT_TIMESTAMP,'0');
INSERT INTO `categories` (`id`,`name`,`date_created`,`last_updated`,`version`) VALUES(102,'Driving Lessons',CURRENT_TIMESTAMP,CURRENT_TIMESTAMP,'0');
INSERT INTO `categories` (`id`,`name`,`date_created`,`last_updated`,`version`) VALUES(103,'Fuel',CURRENT_TIMESTAMP,CURRENT_TIMESTAMP,'0');
INSERT INTO `categories` (`id`,`name`,`date_created`,`last_updated`,`version`) VALUES(104,'Motor Tax',CURRENT_TIMESTAMP,CURRENT_TIMESTAMP,'0');
INSERT INTO `categories` (`id`,`name`,`date_created`,`last_updated`,`version`) VALUES(105,'Motorbike Purchase',CURRENT_TIMESTAMP,CURRENT_TIMESTAMP,'0');
INSERT INTO `categories` (`id`,`name`,`date_created`,`last_updated`,`version`) VALUES(106,'Registration',CURRENT_TIMESTAMP,CURRENT_TIMESTAMP,'0');
INSERT INTO `categories` (`id`,`name`,`date_created`,`last_updated`,`version`) VALUES(107,'Parking',CURRENT_TIMESTAMP,CURRENT_TIMESTAMP,'0');
INSERT INTO `categories` (`id`,`name`,`date_created`,`last_updated`,`version`) VALUES(108,'Traffic Fines',CURRENT_TIMESTAMP,CURRENT_TIMESTAMP,'0');

-- Income Categories
INSERT INTO `categories` (`id`,`name`,`date_created`,`last_updated`,`version`) VALUES(109,'Banking',CURRENT_TIMESTAMP,CURRENT_TIMESTAMP,'0');
INSERT INTO `categories` (`id`,`name`,`date_created`,`last_updated`,`version`) VALUES(110,'Transfer In',CURRENT_TIMESTAMP,CURRENT_TIMESTAMP,'0');
INSERT INTO `categories` (`id`,`name`,`date_created`,`last_updated`,`version`) VALUES(111,'Credit Card',CURRENT_TIMESTAMP,CURRENT_TIMESTAMP,'0');
INSERT INTO `categories` (`id`,`name`,`date_created`,`last_updated`,`version`) VALUES(112,'Credit Card Payment',CURRENT_TIMESTAMP,CURRENT_TIMESTAMP,'0');
INSERT INTO `categories` (`id`,`name`,`date_created`,`last_updated`,`version`) VALUES(113,'Employment',CURRENT_TIMESTAMP,CURRENT_TIMESTAMP,'0');
INSERT INTO `categories` (`id`,`name`,`date_created`,`last_updated`,`version`) VALUES(114,'Business Revenue',CURRENT_TIMESTAMP,CURRENT_TIMESTAMP,'0');
INSERT INTO `categories` (`id`,`name`,`date_created`,`last_updated`,`version`) VALUES(115,'Bonus',CURRENT_TIMESTAMP,CURRENT_TIMESTAMP,'0');
INSERT INTO `categories` (`id`,`name`,`date_created`,`last_updated`,`version`) VALUES(116,'Expenses',CURRENT_TIMESTAMP,CURRENT_TIMESTAMP,'0');
INSERT INTO `categories` (`id`,`name`,`date_created`,`last_updated`,`version`) VALUES(117,'Overtime, Commissions, Allowances',CURRENT_TIMESTAMP,CURRENT_TIMESTAMP,'0');
INSERT INTO `categories` (`id`,`name`,`date_created`,`last_updated`,`version`) VALUES(118,'Other earnings (one-off)',CURRENT_TIMESTAMP,CURRENT_TIMESTAMP,'0');
INSERT INTO `categories` (`id`,`name`,`date_created`,`last_updated`,`version`) VALUES(119,'Partner Salary (Wages)',CURRENT_TIMESTAMP,CURRENT_TIMESTAMP,'0');
INSERT INTO `categories` (`id`,`name`,`date_created`,`last_updated`,`version`) VALUES(120,'Salary (Wages)',CURRENT_TIMESTAMP,CURRENT_TIMESTAMP,'0');
INSERT INTO `categories` (`id`,`name`,`date_created`,`last_updated`,`version`) VALUES(121,'Pension',CURRENT_TIMESTAMP,CURRENT_TIMESTAMP,'0');
INSERT INTO `categories` (`id`,`name`,`date_created`,`last_updated`,`version`) VALUES(122,'Pension Payment',CURRENT_TIMESTAMP,CURRENT_TIMESTAMP,'0');
INSERT INTO `categories` (`id`,`name`,`date_created`,`last_updated`,`version`) VALUES(123,'Financial Credit',CURRENT_TIMESTAMP,CURRENT_TIMESTAMP,'0');
INSERT INTO `categories` (`id`,`name`,`date_created`,`last_updated`,`version`) VALUES(124,'Credit Card Advance',CURRENT_TIMESTAMP,CURRENT_TIMESTAMP,'0');
INSERT INTO `categories` (`id`,`name`,`date_created`,`last_updated`,`version`) VALUES(125,'Loan Funds',CURRENT_TIMESTAMP,CURRENT_TIMESTAMP,'0');
INSERT INTO `categories` (`id`,`name`,`date_created`,`last_updated`,`version`) VALUES(126,'Health Insurance',CURRENT_TIMESTAMP,CURRENT_TIMESTAMP,'0');
INSERT INTO `categories` (`id`,`name`,`date_created`,`last_updated`,`version`) VALUES(127,'Health Expenses',CURRENT_TIMESTAMP,CURRENT_TIMESTAMP,'0');
INSERT INTO `categories` (`id`,`name`,`date_created`,`last_updated`,`version`) VALUES(128,'Investments',CURRENT_TIMESTAMP,CURRENT_TIMESTAMP,'0');
INSERT INTO `categories` (`id`,`name`,`date_created`,`last_updated`,`version`) VALUES(129,'Investment Returns',CURRENT_TIMESTAMP,CURRENT_TIMESTAMP,'0');
INSERT INTO `categories` (`id`,`name`,`date_created`,`last_updated`,`version`) VALUES(130,'Rental Income',CURRENT_TIMESTAMP,CURRENT_TIMESTAMP,'0');
INSERT INTO `categories` (`id`,`name`,`date_created`,`last_updated`,`version`) VALUES(131,'Miscellaneous',CURRENT_TIMESTAMP,CURRENT_TIMESTAMP,'0');
INSERT INTO `categories` (`id`,`name`,`date_created`,`last_updated`,`version`) VALUES(132,'Unknown',CURRENT_TIMESTAMP,CURRENT_TIMESTAMP,'0');
INSERT INTO `categories` (`id`,`name`,`date_created`,`last_updated`,`version`) VALUES(133,'One Off',CURRENT_TIMESTAMP,CURRENT_TIMESTAMP,'0');
INSERT INTO `categories` (`id`,`name`,`date_created`,`last_updated`,`version`) VALUES(134,'Repayment',CURRENT_TIMESTAMP,CURRENT_TIMESTAMP,'0');
INSERT INTO `categories` (`id`,`name`,`date_created`,`last_updated`,`version`) VALUES(135,'Additional Repayment',CURRENT_TIMESTAMP,CURRENT_TIMESTAMP,'0');
INSERT INTO `categories` (`id`,`name`,`date_created`,`last_updated`,`version`) VALUES(136,'Standard Repayment',CURRENT_TIMESTAMP,CURRENT_TIMESTAMP,'0');
INSERT INTO `categories` (`id`,`name`,`date_created`,`last_updated`,`version`) VALUES(137,'Savings',CURRENT_TIMESTAMP,CURRENT_TIMESTAMP,'0');
INSERT INTO `categories` (`id`,`name`,`date_created`,`last_updated`,`version`) VALUES(138,'Interest',CURRENT_TIMESTAMP,CURRENT_TIMESTAMP,'0');
INSERT INTO `categories` (`id`,`name`,`date_created`,`last_updated`,`version`) VALUES(139,'Savings Withdrawal',CURRENT_TIMESTAMP,CURRENT_TIMESTAMP,'0');
INSERT INTO `categories` (`id`,`name`,`date_created`,`last_updated`,`version`) VALUES(140,'State Benefits',CURRENT_TIMESTAMP,CURRENT_TIMESTAMP,'0');
INSERT INTO `categories` (`id`,`name`,`date_created`,`last_updated`,`version`) VALUES(141,'Disability Benefits',CURRENT_TIMESTAMP,CURRENT_TIMESTAMP,'0');

-- ADD CATEGORY TYPES

-- Expenditure
INSERT INTO `category_mapping_description` (`id`,`description`,`date_created`,`last_updated`,`version`) VALUES('1','Discretionary',CURRENT_TIMESTAMP,CURRENT_TIMESTAMP,'0');
INSERT INTO `category_mapping_description` (`id`,`description`,`date_created`,`last_updated`,`version`) VALUES('2','Non-discretionary',CURRENT_TIMESTAMP,CURRENT_TIMESTAMP,'0');

-- Income
INSERT INTO `category_mapping_description` (`id`,`description`,`date_created`,`last_updated`,`version`) VALUES('3','Earned Income',CURRENT_TIMESTAMP,CURRENT_TIMESTAMP,'0');
INSERT INTO `category_mapping_description` (`id`,`description`,`date_created`,`last_updated`,`version`) VALUES('4','Unearned Income',CURRENT_TIMESTAMP,CURRENT_TIMESTAMP,'0');
INSERT INTO `category_mapping_description` (`id`,`description`,`date_created`,`last_updated`,`version`) VALUES('5','Investment Return',CURRENT_TIMESTAMP,CURRENT_TIMESTAMP,'0');

-- ADD CATEGORY MAPPINGS

-- Discretionary Expenditure Mapping
INSERT INTO `category_mappings` (`id`,`category_id`, `date_created`,`last_updated`,`version`) VALUES('1','3',CURRENT_TIMESTAMP,CURRENT_TIMESTAMP,'0');
INSERT INTO `category_mappings` (`id`,`category_id`, `date_created`,`last_updated`,`version`) VALUES('1','6',CURRENT_TIMESTAMP,CURRENT_TIMESTAMP,'0');
INSERT INTO `category_mappings` (`id`,`category_id`, `date_created`,`last_updated`,`version`) VALUES('1','7',CURRENT_TIMESTAMP,CURRENT_TIMESTAMP,'0');
INSERT INTO `category_mappings` (`id`,`category_id`, `date_created`,`last_updated`,`version`) VALUES('1','8',CURRENT_TIMESTAMP,CURRENT_TIMESTAMP,'0');
INSERT INTO `category_mappings` (`id`,`category_id`, `date_created`,`last_updated`,`version`) VALUES('1','9',CURRENT_TIMESTAMP,CURRENT_TIMESTAMP,'0');
INSERT INTO `category_mappings` (`id`,`category_id`, `date_created`,`last_updated`,`version`) VALUES('1','15',CURRENT_TIMESTAMP,CURRENT_TIMESTAMP,'0');
INSERT INTO `category_mappings` (`id`,`category_id`, `date_created`,`last_updated`,`version`) VALUES('1','16',CURRENT_TIMESTAMP,CURRENT_TIMESTAMP,'0');
INSERT INTO `category_mappings` (`id`,`category_id`, `date_created`,`last_updated`,`version`) VALUES('1','17',CURRENT_TIMESTAMP,CURRENT_TIMESTAMP,'0');
INSERT INTO `category_mappings` (`id`,`category_id`, `date_created`,`last_updated`,`version`) VALUES('1','18',CURRENT_TIMESTAMP,CURRENT_TIMESTAMP,'0');
INSERT INTO `category_mappings` (`id`,`category_id`, `date_created`,`last_updated`,`version`) VALUES('1','19',CURRENT_TIMESTAMP,CURRENT_TIMESTAMP,'0');
INSERT INTO `category_mappings` (`id`,`category_id`, `date_created`,`last_updated`,`version`) VALUES('1','20',CURRENT_TIMESTAMP,CURRENT_TIMESTAMP,'0');
INSERT INTO `category_mappings` (`id`,`category_id`, `date_created`,`last_updated`,`version`) VALUES('1','21',CURRENT_TIMESTAMP,CURRENT_TIMESTAMP,'0');
INSERT INTO `category_mappings` (`id`,`category_id`, `date_created`,`last_updated`,`version`) VALUES('1','22',CURRENT_TIMESTAMP,CURRENT_TIMESTAMP,'0');
INSERT INTO `category_mappings` (`id`,`category_id`, `date_created`,`last_updated`,`version`) VALUES('1','23',CURRENT_TIMESTAMP,CURRENT_TIMESTAMP,'0');
INSERT INTO `category_mappings` (`id`,`category_id`, `date_created`,`last_updated`,`version`) VALUES('1','31',CURRENT_TIMESTAMP,CURRENT_TIMESTAMP,'0');
INSERT INTO `category_mappings` (`id`,`category_id`, `date_created`,`last_updated`,`version`) VALUES('1','32',CURRENT_TIMESTAMP,CURRENT_TIMESTAMP,'0');
INSERT INTO `category_mappings` (`id`,`category_id`, `date_created`,`last_updated`,`version`) VALUES('1','33',CURRENT_TIMESTAMP,CURRENT_TIMESTAMP,'0');
INSERT INTO `category_mappings` (`id`,`category_id`, `date_created`,`last_updated`,`version`) VALUES('1','34',CURRENT_TIMESTAMP,CURRENT_TIMESTAMP,'0');
INSERT INTO `category_mappings` (`id`,`category_id`, `date_created`,`last_updated`,`version`) VALUES('1','55',CURRENT_TIMESTAMP,CURRENT_TIMESTAMP,'0');
INSERT INTO `category_mappings` (`id`,`category_id`, `date_created`,`last_updated`,`version`) VALUES('1','56',CURRENT_TIMESTAMP,CURRENT_TIMESTAMP,'0');
INSERT INTO `category_mappings` (`id`,`category_id`, `date_created`,`last_updated`,`version`) VALUES('1','57',CURRENT_TIMESTAMP,CURRENT_TIMESTAMP,'0');
INSERT INTO `category_mappings` (`id`,`category_id`, `date_created`,`last_updated`,`version`) VALUES('1','58',CURRENT_TIMESTAMP,CURRENT_TIMESTAMP,'0');
INSERT INTO `category_mappings` (`id`,`category_id`, `date_created`,`last_updated`,`version`) VALUES('1','59',CURRENT_TIMESTAMP,CURRENT_TIMESTAMP,'0');
INSERT INTO `category_mappings` (`id`,`category_id`, `date_created`,`last_updated`,`version`) VALUES('1','60',CURRENT_TIMESTAMP,CURRENT_TIMESTAMP,'0');
INSERT INTO `category_mappings` (`id`,`category_id`, `date_created`,`last_updated`,`version`) VALUES('1','61',CURRENT_TIMESTAMP,CURRENT_TIMESTAMP,'0');
INSERT INTO `category_mappings` (`id`,`category_id`, `date_created`,`last_updated`,`version`) VALUES('1','62',CURRENT_TIMESTAMP,CURRENT_TIMESTAMP,'0');
INSERT INTO `category_mappings` (`id`,`category_id`, `date_created`,`last_updated`,`version`) VALUES('1','63',CURRENT_TIMESTAMP,CURRENT_TIMESTAMP,'0');
INSERT INTO `category_mappings` (`id`,`category_id`, `date_created`,`last_updated`,`version`) VALUES('1','64',CURRENT_TIMESTAMP,CURRENT_TIMESTAMP,'0');
INSERT INTO `category_mappings` (`id`,`category_id`, `date_created`,`last_updated`,`version`) VALUES('1','65',CURRENT_TIMESTAMP,CURRENT_TIMESTAMP,'0');
INSERT INTO `category_mappings` (`id`,`category_id`, `date_created`,`last_updated`,`version`) VALUES('1','66',CURRENT_TIMESTAMP,CURRENT_TIMESTAMP,'0');
INSERT INTO `category_mappings` (`id`,`category_id`, `date_created`,`last_updated`,`version`) VALUES('1','67',CURRENT_TIMESTAMP,CURRENT_TIMESTAMP,'0');
INSERT INTO `category_mappings` (`id`,`category_id`, `date_created`,`last_updated`,`version`) VALUES('1','68',CURRENT_TIMESTAMP,CURRENT_TIMESTAMP,'0');
INSERT INTO `category_mappings` (`id`,`category_id`, `date_created`,`last_updated`,`version`) VALUES('1','69',CURRENT_TIMESTAMP,CURRENT_TIMESTAMP,'0');
INSERT INTO `category_mappings` (`id`,`category_id`, `date_created`,`last_updated`,`version`) VALUES('1','70',CURRENT_TIMESTAMP,CURRENT_TIMESTAMP,'0');
INSERT INTO `category_mappings` (`id`,`category_id`, `date_created`,`last_updated`,`version`) VALUES('1','71',CURRENT_TIMESTAMP,CURRENT_TIMESTAMP,'0');
INSERT INTO `category_mappings` (`id`,`category_id`, `date_created`,`last_updated`,`version`) VALUES('1','72',CURRENT_TIMESTAMP,CURRENT_TIMESTAMP,'0');
INSERT INTO `category_mappings` (`id`,`category_id`, `date_created`,`last_updated`,`version`) VALUES('1','73',CURRENT_TIMESTAMP,CURRENT_TIMESTAMP,'0');
INSERT INTO `category_mappings` (`id`,`category_id`, `date_created`,`last_updated`,`version`) VALUES('1','74',CURRENT_TIMESTAMP,CURRENT_TIMESTAMP,'0');
INSERT INTO `category_mappings` (`id`,`category_id`, `date_created`,`last_updated`,`version`) VALUES('1','75',CURRENT_TIMESTAMP,CURRENT_TIMESTAMP,'0');
INSERT INTO `category_mappings` (`id`,`category_id`, `date_created`,`last_updated`,`version`) VALUES('1','76',CURRENT_TIMESTAMP,CURRENT_TIMESTAMP,'0');
INSERT INTO `category_mappings` (`id`,`category_id`, `date_created`,`last_updated`,`version`) VALUES('1','77',CURRENT_TIMESTAMP,CURRENT_TIMESTAMP,'0');
INSERT INTO `category_mappings` (`id`,`category_id`, `date_created`,`last_updated`,`version`) VALUES('1','78',CURRENT_TIMESTAMP,CURRENT_TIMESTAMP,'0');
INSERT INTO `category_mappings` (`id`,`category_id`, `date_created`,`last_updated`,`version`) VALUES('1','79',CURRENT_TIMESTAMP,CURRENT_TIMESTAMP,'0');
INSERT INTO `category_mappings` (`id`,`category_id`, `date_created`,`last_updated`,`version`) VALUES('1','80',CURRENT_TIMESTAMP,CURRENT_TIMESTAMP,'0');
INSERT INTO `category_mappings` (`id`,`category_id`, `date_created`,`last_updated`,`version`) VALUES('1','81',CURRENT_TIMESTAMP,CURRENT_TIMESTAMP,'0');
INSERT INTO `category_mappings` (`id`,`category_id`, `date_created`,`last_updated`,`version`) VALUES('1','82',CURRENT_TIMESTAMP,CURRENT_TIMESTAMP,'0');
INSERT INTO `category_mappings` (`id`,`category_id`, `date_created`,`last_updated`,`version`) VALUES('1','83',CURRENT_TIMESTAMP,CURRENT_TIMESTAMP,'0');
INSERT INTO `category_mappings` (`id`,`category_id`, `date_created`,`last_updated`,`version`) VALUES('1','84',CURRENT_TIMESTAMP,CURRENT_TIMESTAMP,'0');
INSERT INTO `category_mappings` (`id`,`category_id`, `date_created`,`last_updated`,`version`) VALUES('1','85',CURRENT_TIMESTAMP,CURRENT_TIMESTAMP,'0');
INSERT INTO `category_mappings` (`id`,`category_id`, `date_created`,`last_updated`,`version`) VALUES('1','86',CURRENT_TIMESTAMP,CURRENT_TIMESTAMP,'0');
INSERT INTO `category_mappings` (`id`,`category_id`, `date_created`,`last_updated`,`version`) VALUES('1','87',CURRENT_TIMESTAMP,CURRENT_TIMESTAMP,'0');
INSERT INTO `category_mappings` (`id`,`category_id`, `date_created`,`last_updated`,`version`) VALUES('1','88',CURRENT_TIMESTAMP,CURRENT_TIMESTAMP,'0');
INSERT INTO `category_mappings` (`id`,`category_id`, `date_created`,`last_updated`,`version`) VALUES('1','89',CURRENT_TIMESTAMP,CURRENT_TIMESTAMP,'0');
INSERT INTO `category_mappings` (`id`,`category_id`, `date_created`,`last_updated`,`version`) VALUES('1','90',CURRENT_TIMESTAMP,CURRENT_TIMESTAMP,'0');
INSERT INTO `category_mappings` (`id`,`category_id`, `date_created`,`last_updated`,`version`) VALUES('1','91',CURRENT_TIMESTAMP,CURRENT_TIMESTAMP,'0');
INSERT INTO `category_mappings` (`id`,`category_id`, `date_created`,`last_updated`,`version`) VALUES('1','92',CURRENT_TIMESTAMP,CURRENT_TIMESTAMP,'0');
INSERT INTO `category_mappings` (`id`,`category_id`, `date_created`,`last_updated`,`version`) VALUES('1','93',CURRENT_TIMESTAMP,CURRENT_TIMESTAMP,'0');
INSERT INTO `category_mappings` (`id`,`category_id`, `date_created`,`last_updated`,`version`) VALUES('1','94',CURRENT_TIMESTAMP,CURRENT_TIMESTAMP,'0');
INSERT INTO `category_mappings` (`id`,`category_id`, `date_created`,`last_updated`,`version`) VALUES('1','95',CURRENT_TIMESTAMP,CURRENT_TIMESTAMP,'0');
INSERT INTO `category_mappings` (`id`,`category_id`, `date_created`,`last_updated`,`version`) VALUES('1','96',CURRENT_TIMESTAMP,CURRENT_TIMESTAMP,'0');
INSERT INTO `category_mappings` (`id`,`category_id`, `date_created`,`last_updated`,`version`) VALUES('1','97',CURRENT_TIMESTAMP,CURRENT_TIMESTAMP,'0');
INSERT INTO `category_mappings` (`id`,`category_id`, `date_created`,`last_updated`,`version`) VALUES('1','98',CURRENT_TIMESTAMP,CURRENT_TIMESTAMP,'0');
INSERT INTO `category_mappings` (`id`,`category_id`, `date_created`,`last_updated`,`version`) VALUES('1','101',CURRENT_TIMESTAMP,CURRENT_TIMESTAMP,'0');
INSERT INTO `category_mappings` (`id`,`category_id`, `date_created`,`last_updated`,`version`) VALUES('1','102',CURRENT_TIMESTAMP,CURRENT_TIMESTAMP,'0');
INSERT INTO `category_mappings` (`id`,`category_id`, `date_created`,`last_updated`,`version`) VALUES('1','105',CURRENT_TIMESTAMP,CURRENT_TIMESTAMP,'0');
INSERT INTO `category_mappings` (`id`,`category_id`, `date_created`,`last_updated`,`version`) VALUES('1','108',CURRENT_TIMESTAMP,CURRENT_TIMESTAMP,'0');

-- Non-discretionary Expenditure Mapping
INSERT INTO `category_mappings` (`id`,`category_id`, `date_created`,`last_updated`,`version`) VALUES('2','1',CURRENT_TIMESTAMP,CURRENT_TIMESTAMP,'0');
INSERT INTO `category_mappings` (`id`,`category_id`, `date_created`,`last_updated`,`version`) VALUES('2','2',CURRENT_TIMESTAMP,CURRENT_TIMESTAMP,'0');
INSERT INTO `category_mappings` (`id`,`category_id`, `date_created`,`last_updated`,`version`) VALUES('2','4',CURRENT_TIMESTAMP,CURRENT_TIMESTAMP,'0');
INSERT INTO `category_mappings` (`id`,`category_id`, `date_created`,`last_updated`,`version`) VALUES('2','5',CURRENT_TIMESTAMP,CURRENT_TIMESTAMP,'0');
INSERT INTO `category_mappings` (`id`,`category_id`, `date_created`,`last_updated`,`version`) VALUES('2','10',CURRENT_TIMESTAMP,CURRENT_TIMESTAMP,'0');
INSERT INTO `category_mappings` (`id`,`category_id`, `date_created`,`last_updated`,`version`) VALUES('2','11',CURRENT_TIMESTAMP,CURRENT_TIMESTAMP,'0');
INSERT INTO `category_mappings` (`id`,`category_id`, `date_created`,`last_updated`,`version`) VALUES('2','12',CURRENT_TIMESTAMP,CURRENT_TIMESTAMP,'0');
INSERT INTO `category_mappings` (`id`,`category_id`, `date_created`,`last_updated`,`version`) VALUES('2','13',CURRENT_TIMESTAMP,CURRENT_TIMESTAMP,'0');
INSERT INTO `category_mappings` (`id`,`category_id`, `date_created`,`last_updated`,`version`) VALUES('2','14',CURRENT_TIMESTAMP,CURRENT_TIMESTAMP,'0');
INSERT INTO `category_mappings` (`id`,`category_id`, `date_created`,`last_updated`,`version`) VALUES('2','24',CURRENT_TIMESTAMP,CURRENT_TIMESTAMP,'0');
INSERT INTO `category_mappings` (`id`,`category_id`, `date_created`,`last_updated`,`version`) VALUES('2','25',CURRENT_TIMESTAMP,CURRENT_TIMESTAMP,'0');
INSERT INTO `category_mappings` (`id`,`category_id`, `date_created`,`last_updated`,`version`) VALUES('2','26',CURRENT_TIMESTAMP,CURRENT_TIMESTAMP,'0');
INSERT INTO `category_mappings` (`id`,`category_id`, `date_created`,`last_updated`,`version`) VALUES('2','27',CURRENT_TIMESTAMP,CURRENT_TIMESTAMP,'0');
INSERT INTO `category_mappings` (`id`,`category_id`, `date_created`,`last_updated`,`version`) VALUES('2','28',CURRENT_TIMESTAMP,CURRENT_TIMESTAMP,'0');
INSERT INTO `category_mappings` (`id`,`category_id`, `date_created`,`last_updated`,`version`) VALUES('2','29',CURRENT_TIMESTAMP,CURRENT_TIMESTAMP,'0');
INSERT INTO `category_mappings` (`id`,`category_id`, `date_created`,`last_updated`,`version`) VALUES('2','30',CURRENT_TIMESTAMP,CURRENT_TIMESTAMP,'0');
INSERT INTO `category_mappings` (`id`,`category_id`, `date_created`,`last_updated`,`version`) VALUES('2','35',CURRENT_TIMESTAMP,CURRENT_TIMESTAMP,'0');
INSERT INTO `category_mappings` (`id`,`category_id`, `date_created`,`last_updated`,`version`) VALUES('2','36',CURRENT_TIMESTAMP,CURRENT_TIMESTAMP,'0');
INSERT INTO `category_mappings` (`id`,`category_id`, `date_created`,`last_updated`,`version`) VALUES('2','37',CURRENT_TIMESTAMP,CURRENT_TIMESTAMP,'0');
INSERT INTO `category_mappings` (`id`,`category_id`, `date_created`,`last_updated`,`version`) VALUES('2','38',CURRENT_TIMESTAMP,CURRENT_TIMESTAMP,'0');
INSERT INTO `category_mappings` (`id`,`category_id`, `date_created`,`last_updated`,`version`) VALUES('2','39',CURRENT_TIMESTAMP,CURRENT_TIMESTAMP,'0');
INSERT INTO `category_mappings` (`id`,`category_id`, `date_created`,`last_updated`,`version`) VALUES('2','40',CURRENT_TIMESTAMP,CURRENT_TIMESTAMP,'0');
INSERT INTO `category_mappings` (`id`,`category_id`, `date_created`,`last_updated`,`version`) VALUES('2','41',CURRENT_TIMESTAMP,CURRENT_TIMESTAMP,'0');
INSERT INTO `category_mappings` (`id`,`category_id`, `date_created`,`last_updated`,`version`) VALUES('2','42',CURRENT_TIMESTAMP,CURRENT_TIMESTAMP,'0');
INSERT INTO `category_mappings` (`id`,`category_id`, `date_created`,`last_updated`,`version`) VALUES('2','43',CURRENT_TIMESTAMP,CURRENT_TIMESTAMP,'0');
INSERT INTO `category_mappings` (`id`,`category_id`, `date_created`,`last_updated`,`version`) VALUES('2','44',CURRENT_TIMESTAMP,CURRENT_TIMESTAMP,'0');
INSERT INTO `category_mappings` (`id`,`category_id`, `date_created`,`last_updated`,`version`) VALUES('2','45',CURRENT_TIMESTAMP,CURRENT_TIMESTAMP,'0');
INSERT INTO `category_mappings` (`id`,`category_id`, `date_created`,`last_updated`,`version`) VALUES('2','46',CURRENT_TIMESTAMP,CURRENT_TIMESTAMP,'0');
INSERT INTO `category_mappings` (`id`,`category_id`, `date_created`,`last_updated`,`version`) VALUES('2','47',CURRENT_TIMESTAMP,CURRENT_TIMESTAMP,'0');
INSERT INTO `category_mappings` (`id`,`category_id`, `date_created`,`last_updated`,`version`) VALUES('2','48',CURRENT_TIMESTAMP,CURRENT_TIMESTAMP,'0');
INSERT INTO `category_mappings` (`id`,`category_id`, `date_created`,`last_updated`,`version`) VALUES('2','49',CURRENT_TIMESTAMP,CURRENT_TIMESTAMP,'0');
INSERT INTO `category_mappings` (`id`,`category_id`, `date_created`,`last_updated`,`version`) VALUES('2','50',CURRENT_TIMESTAMP,CURRENT_TIMESTAMP,'0');
INSERT INTO `category_mappings` (`id`,`category_id`, `date_created`,`last_updated`,`version`) VALUES('2','51',CURRENT_TIMESTAMP,CURRENT_TIMESTAMP,'0');
INSERT INTO `category_mappings` (`id`,`category_id`, `date_created`,`last_updated`,`version`) VALUES('2','52',CURRENT_TIMESTAMP,CURRENT_TIMESTAMP,'0');
INSERT INTO `category_mappings` (`id`,`category_id`, `date_created`,`last_updated`,`version`) VALUES('2','53',CURRENT_TIMESTAMP,CURRENT_TIMESTAMP,'0');
INSERT INTO `category_mappings` (`id`,`category_id`, `date_created`,`last_updated`,`version`) VALUES('2','54',CURRENT_TIMESTAMP,CURRENT_TIMESTAMP,'0');
INSERT INTO `category_mappings` (`id`,`category_id`, `date_created`,`last_updated`,`version`) VALUES('2','99',CURRENT_TIMESTAMP,CURRENT_TIMESTAMP,'0');
INSERT INTO `category_mappings` (`id`,`category_id`, `date_created`,`last_updated`,`version`) VALUES('2','100',CURRENT_TIMESTAMP,CURRENT_TIMESTAMP,'0');
INSERT INTO `category_mappings` (`id`,`category_id`, `date_created`,`last_updated`,`version`) VALUES('2','103',CURRENT_TIMESTAMP,CURRENT_TIMESTAMP,'0');
INSERT INTO `category_mappings` (`id`,`category_id`, `date_created`,`last_updated`,`version`) VALUES('2','104',CURRENT_TIMESTAMP,CURRENT_TIMESTAMP,'0');
INSERT INTO `category_mappings` (`id`,`category_id`, `date_created`,`last_updated`,`version`) VALUES('2','106',CURRENT_TIMESTAMP,CURRENT_TIMESTAMP,'0');
INSERT INTO `category_mappings` (`id`,`category_id`, `date_created`,`last_updated`,`version`) VALUES('2','107',CURRENT_TIMESTAMP,CURRENT_TIMESTAMP,'0');

-- Earned Income Mapping
INSERT INTO `category_mappings` (`id`,`category_id`, `date_created`,`last_updated`,`version`) VALUES('3','113',CURRENT_TIMESTAMP,CURRENT_TIMESTAMP,'0');
INSERT INTO `category_mappings` (`id`,`category_id`, `date_created`,`last_updated`,`version`) VALUES('3','114',CURRENT_TIMESTAMP,CURRENT_TIMESTAMP,'0');
INSERT INTO `category_mappings` (`id`,`category_id`, `date_created`,`last_updated`,`version`) VALUES('3','115',CURRENT_TIMESTAMP,CURRENT_TIMESTAMP,'0');
INSERT INTO `category_mappings` (`id`,`category_id`, `date_created`,`last_updated`,`version`) VALUES('3','117',CURRENT_TIMESTAMP,CURRENT_TIMESTAMP,'0');
INSERT INTO `category_mappings` (`id`,`category_id`, `date_created`,`last_updated`,`version`) VALUES('3','118',CURRENT_TIMESTAMP,CURRENT_TIMESTAMP,'0');
INSERT INTO `category_mappings` (`id`,`category_id`, `date_created`,`last_updated`,`version`) VALUES('3','119',CURRENT_TIMESTAMP,CURRENT_TIMESTAMP,'0');
INSERT INTO `category_mappings` (`id`,`category_id`, `date_created`,`last_updated`,`version`) VALUES('3','120',CURRENT_TIMESTAMP,CURRENT_TIMESTAMP,'0');
INSERT INTO `category_mappings` (`id`,`category_id`, `date_created`,`last_updated`,`version`) VALUES('3','121',CURRENT_TIMESTAMP,CURRENT_TIMESTAMP,'0');
INSERT INTO `category_mappings` (`id`,`category_id`, `date_created`,`last_updated`,`version`) VALUES('3','122',CURRENT_TIMESTAMP,CURRENT_TIMESTAMP,'0');
INSERT INTO `category_mappings` (`id`,`category_id`, `date_created`,`last_updated`,`version`) VALUES('3','140',CURRENT_TIMESTAMP,CURRENT_TIMESTAMP,'0');
INSERT INTO `category_mappings` (`id`,`category_id`, `date_created`,`last_updated`,`version`) VALUES('3','141',CURRENT_TIMESTAMP,CURRENT_TIMESTAMP,'0');

-- Unearned Income Mapping
INSERT INTO `category_mappings` (`id`,`category_id`, `date_created`,`last_updated`,`version`) VALUES('4','109',CURRENT_TIMESTAMP,CURRENT_TIMESTAMP,'0');
INSERT INTO `category_mappings` (`id`,`category_id`, `date_created`,`last_updated`,`version`) VALUES('4','110',CURRENT_TIMESTAMP,CURRENT_TIMESTAMP,'0');
INSERT INTO `category_mappings` (`id`,`category_id`, `date_created`,`last_updated`,`version`) VALUES('4','111',CURRENT_TIMESTAMP,CURRENT_TIMESTAMP,'0');
INSERT INTO `category_mappings` (`id`,`category_id`, `date_created`,`last_updated`,`version`) VALUES('4','112',CURRENT_TIMESTAMP,CURRENT_TIMESTAMP,'0');
INSERT INTO `category_mappings` (`id`,`category_id`, `date_created`,`last_updated`,`version`) VALUES('4','116',CURRENT_TIMESTAMP,CURRENT_TIMESTAMP,'0');
INSERT INTO `category_mappings` (`id`,`category_id`, `date_created`,`last_updated`,`version`) VALUES('4','123',CURRENT_TIMESTAMP,CURRENT_TIMESTAMP,'0');
INSERT INTO `category_mappings` (`id`,`category_id`, `date_created`,`last_updated`,`version`) VALUES('4','124',CURRENT_TIMESTAMP,CURRENT_TIMESTAMP,'0');
INSERT INTO `category_mappings` (`id`,`category_id`, `date_created`,`last_updated`,`version`) VALUES('4','125',CURRENT_TIMESTAMP,CURRENT_TIMESTAMP,'0');
INSERT INTO `category_mappings` (`id`,`category_id`, `date_created`,`last_updated`,`version`) VALUES('4','126',CURRENT_TIMESTAMP,CURRENT_TIMESTAMP,'0');
INSERT INTO `category_mappings` (`id`,`category_id`, `date_created`,`last_updated`,`version`) VALUES('4','127',CURRENT_TIMESTAMP,CURRENT_TIMESTAMP,'0');
INSERT INTO `category_mappings` (`id`,`category_id`, `date_created`,`last_updated`,`version`) VALUES('4','131',CURRENT_TIMESTAMP,CURRENT_TIMESTAMP,'0');
INSERT INTO `category_mappings` (`id`,`category_id`, `date_created`,`last_updated`,`version`) VALUES('4','132',CURRENT_TIMESTAMP,CURRENT_TIMESTAMP,'0');
INSERT INTO `category_mappings` (`id`,`category_id`, `date_created`,`last_updated`,`version`) VALUES('4','133',CURRENT_TIMESTAMP,CURRENT_TIMESTAMP,'0');
INSERT INTO `category_mappings` (`id`,`category_id`, `date_created`,`last_updated`,`version`) VALUES('4','134',CURRENT_TIMESTAMP,CURRENT_TIMESTAMP,'0');
INSERT INTO `category_mappings` (`id`,`category_id`, `date_created`,`last_updated`,`version`) VALUES('4','135',CURRENT_TIMESTAMP,CURRENT_TIMESTAMP,'0');
INSERT INTO `category_mappings` (`id`,`category_id`, `date_created`,`last_updated`,`version`) VALUES('4','136',CURRENT_TIMESTAMP,CURRENT_TIMESTAMP,'0');

-- Investment Return Mapping
INSERT INTO `category_mappings` (`id`,`category_id`, `date_created`,`last_updated`,`version`) VALUES('5','128',CURRENT_TIMESTAMP,CURRENT_TIMESTAMP,'0');
INSERT INTO `category_mappings` (`id`,`category_id`, `date_created`,`last_updated`,`version`) VALUES('5','129',CURRENT_TIMESTAMP,CURRENT_TIMESTAMP,'0');
INSERT INTO `category_mappings` (`id`,`category_id`, `date_created`,`last_updated`,`version`) VALUES('5','130',CURRENT_TIMESTAMP,CURRENT_TIMESTAMP,'0');
INSERT INTO `category_mappings` (`id`,`category_id`, `date_created`,`last_updated`,`version`) VALUES('5','137',CURRENT_TIMESTAMP,CURRENT_TIMESTAMP,'0');
INSERT INTO `category_mappings` (`id`,`category_id`, `date_created`,`last_updated`,`version`) VALUES('5','138',CURRENT_TIMESTAMP,CURRENT_TIMESTAMP,'0');
INSERT INTO `category_mappings` (`id`,`category_id`, `date_created`,`last_updated`,`version`) VALUES('5','139',CURRENT_TIMESTAMP,CURRENT_TIMESTAMP,'0');

-- Tax Types
INSERT INTO `tax_type` (`id`,`type`,`date_created`,`last_updated`,`version`) VALUES('1','income_tax',CURRENT_TIMESTAMP,CURRENT_TIMESTAMP,'0');
INSERT INTO `tax_type` (`id`,`type`,`date_created`,`last_updated`,`version`) VALUES('2','class_1_national_insurance',CURRENT_TIMESTAMP,CURRENT_TIMESTAMP,'0');

-- Tax Regions
INSERT INTO `tax_region` (`id`,`region_name`, `date_created`,`last_updated`,`version`) VALUES('1','SCOTLAND', CURRENT_TIMESTAMP, CURRENT_TIMESTAMP,'0');
INSERT INTO `tax_region` (`id`,`region_name`, `date_created`,`last_updated`,`version`) VALUES('2','ENGLAND', CURRENT_TIMESTAMP, CURRENT_TIMESTAMP,'0');

-- Tax Band Names
INSERT INTO `tax_band_names` (`id`,`band_name`,`date_created`,`last_updated`,`version`) VALUES('1','person_allowance', CURRENT_TIMESTAMP, CURRENT_TIMESTAMP, '0');
INSERT INTO `tax_band_names` (`id`,`band_name`,`date_created`,`last_updated`,`version`) VALUES('2','basic_rate', CURRENT_TIMESTAMP, CURRENT_TIMESTAMP, '0');
INSERT INTO `tax_band_names` (`id`,`band_name`,`date_created`,`last_updated`,`version`) VALUES('3','higher_rate', CURRENT_TIMESTAMP, CURRENT_TIMESTAMP, '0');
INSERT INTO `tax_band_names` (`id`,`band_name`,`date_created`,`last_updated`,`version`) VALUES('4','additional_rate', CURRENT_TIMESTAMP, CURRENT_TIMESTAMP, '0');
INSERT INTO `tax_band_names` (`id`,`band_name`,`date_created`,`last_updated`,`version`) VALUES('5','starter_rate', CURRENT_TIMESTAMP, CURRENT_TIMESTAMP, '0');
INSERT INTO `tax_band_names` (`id`,`band_name`,`date_created`,`last_updated`,`version`) VALUES('6','intermediate_rate', CURRENT_TIMESTAMP, CURRENT_TIMESTAMP, '0');
INSERT INTO `tax_band_names` (`id`,`band_name`,`date_created`,`last_updated`,`version`) VALUES('7','top_rate', CURRENT_TIMESTAMP, CURRENT_TIMESTAMP, '0');
INSERT INTO `tax_band_names` (`id`,`band_name`,`date_created`,`last_updated`,`version`) VALUES('8','class_1_ni_lower_band', CURRENT_TIMESTAMP, CURRENT_TIMESTAMP, '0');
INSERT INTO `tax_band_names` (`id`,`band_name`,`date_created`,`last_updated`,`version`) VALUES('9','class_1_ni_upper_band', CURRENT_TIMESTAMP, CURRENT_TIMESTAMP, '0');
INSERT INTO `tax_band_names` (`id`,`band_name`,`date_created`,`last_updated`,`version`) VALUES('10','class_1_ni_nil_band', CURRENT_TIMESTAMP, CURRENT_TIMESTAMP, '0');

-- Tax Frequency
INSERT INTO `tax_frequency` (`id`,`frequency_name`,`date_created`,`last_updated`,`version`) VALUES('1','yearly', CURRENT_TIMESTAMP, CURRENT_TIMESTAMP, '0');
INSERT INTO `tax_frequency` (`id`,`frequency_name`,`date_created`,`last_updated`,`version`) VALUES('2','monthly', CURRENT_TIMESTAMP, CURRENT_TIMESTAMP, '0');

-- Scotland region income tax - yearly
INSERT INTO `tax_bands` (`tax_region_id`,`tax_type_id`,`band_id`,`frequency_id`,`lower_limit`,`upper_limit`,`rate`,`date_created`,`last_updated`,`version`) VALUES('1','1','1','1','0','12500','0',CURRENT_TIMESTAMP, CURRENT_TIMESTAMP,'0');
INSERT INTO `tax_bands` (`tax_region_id`,`tax_type_id`,`band_id`,`frequency_id`,`lower_limit`,`upper_limit`,`rate`,`date_created`,`last_updated`,`version`) VALUES('1','1','5','1','12501','14585','19',CURRENT_TIMESTAMP, CURRENT_TIMESTAMP,'0');
INSERT INTO `tax_bands` (`tax_region_id`,`tax_type_id`,`band_id`,`frequency_id`,`lower_limit`,`upper_limit`,`rate`,`date_created`,`last_updated`,`version`) VALUES('1','1','2','1','14586','25158','20',CURRENT_TIMESTAMP, CURRENT_TIMESTAMP,'0');
INSERT INTO `tax_bands` (`tax_region_id`,`tax_type_id`,`band_id`,`frequency_id`,`lower_limit`,`upper_limit`,`rate`,`date_created`,`last_updated`,`version`) VALUES('1','1','6','1','25159','43430','21',CURRENT_TIMESTAMP, CURRENT_TIMESTAMP,'0');
INSERT INTO `tax_bands` (`tax_region_id`,`tax_type_id`,`band_id`,`frequency_id`,`lower_limit`,`upper_limit`,`rate`,`date_created`,`last_updated`,`version`) VALUES('1','1','3','1','43431','150000','41',CURRENT_TIMESTAMP, CURRENT_TIMESTAMP,'0');
INSERT INTO `tax_bands` (`tax_region_id`,`tax_type_id`,`band_id`,`frequency_id`,`lower_limit`,`upper_limit`,`rate`,`date_created`,`last_updated`,`version`) VALUES('1','1','7','1','150000','100000000','46',CURRENT_TIMESTAMP, CURRENT_TIMESTAMP,'0');

-- Scotland region income tax - monthly
INSERT INTO `tax_bands` (`tax_region_id`,`tax_type_id`,`band_id`,`frequency_id`,`lower_limit`,`upper_limit`,`rate`,`date_created`,`last_updated`,`version`) VALUES('1','1','1','2','0','1041','0',CURRENT_TIMESTAMP, CURRENT_TIMESTAMP,'0');
INSERT INTO `tax_bands` (`tax_region_id`,`tax_type_id`,`band_id`,`frequency_id`,`lower_limit`,`upper_limit`,`rate`,`date_created`,`last_updated`,`version`) VALUES('1','1','5','2','1042','1215','19',CURRENT_TIMESTAMP, CURRENT_TIMESTAMP,'0');
INSERT INTO `tax_bands` (`tax_region_id`,`tax_type_id`,`band_id`,`frequency_id`,`lower_limit`,`upper_limit`,`rate`,`date_created`,`last_updated`,`version`) VALUES('1','1','2','2','1216','2096','20',CURRENT_TIMESTAMP, CURRENT_TIMESTAMP,'0');
INSERT INTO `tax_bands` (`tax_region_id`,`tax_type_id`,`band_id`,`frequency_id`,`lower_limit`,`upper_limit`,`rate`,`date_created`,`last_updated`,`version`) VALUES('1','1','6','2','2097','3619','21',CURRENT_TIMESTAMP, CURRENT_TIMESTAMP,'0');
INSERT INTO `tax_bands` (`tax_region_id`,`tax_type_id`,`band_id`,`frequency_id`,`lower_limit`,`upper_limit`,`rate`,`date_created`,`last_updated`,`version`) VALUES('1','1','3','2','3620','12500','41',CURRENT_TIMESTAMP, CURRENT_TIMESTAMP,'0');
INSERT INTO `tax_bands` (`tax_region_id`,`tax_type_id`,`band_id`,`frequency_id`,`lower_limit`,`upper_limit`,`rate`,`date_created`,`last_updated`,`version`) VALUES('1','1','7','2','12501','100000000','46',CURRENT_TIMESTAMP, CURRENT_TIMESTAMP,'0');

-- England region income tax - yearly
INSERT INTO `tax_bands` (`tax_region_id`,`tax_type_id`,`band_id`,`frequency_id`,`lower_limit`,`upper_limit`,`rate`,`date_created`,`last_updated`,`version`) VALUES('2','1','1','1','0','12500','0',CURRENT_TIMESTAMP, CURRENT_TIMESTAMP,'0');
INSERT INTO `tax_bands` (`tax_region_id`,`tax_type_id`,`band_id`,`frequency_id`,`lower_limit`,`upper_limit`,`rate`,`date_created`,`last_updated`,`version`) VALUES('2','1','2','1','12501','50000','20',CURRENT_TIMESTAMP, CURRENT_TIMESTAMP,'0');
INSERT INTO `tax_bands` (`tax_region_id`,`tax_type_id`,`band_id`,`frequency_id`,`lower_limit`,`upper_limit`,`rate`,`date_created`,`last_updated`,`version`) VALUES('2','1','3','1','50001','150000','40',CURRENT_TIMESTAMP, CURRENT_TIMESTAMP,'0');
INSERT INTO `tax_bands` (`tax_region_id`,`tax_type_id`,`band_id`,`frequency_id`,`lower_limit`,`upper_limit`,`rate`,`date_created`,`last_updated`,`version`) VALUES('2','1','4','1','150001','100000000','45',CURRENT_TIMESTAMP, CURRENT_TIMESTAMP,'0');

-- Scotland region NI monthly
INSERT INTO `tax_bands` (`tax_region_id`,`tax_type_id`,`band_id`,`frequency_id`,`lower_limit`,`upper_limit`,`rate`,`date_created`,`last_updated`,`version`) VALUES('1','2','10','2','00','792','0',CURRENT_TIMESTAMP, CURRENT_TIMESTAMP,'0');
INSERT INTO `tax_bands` (`tax_region_id`,`tax_type_id`,`band_id`,`frequency_id`,`lower_limit`,`upper_limit`,`rate`,`date_created`,`last_updated`,`version`) VALUES('1','2','8','2','793','4167','12',CURRENT_TIMESTAMP, CURRENT_TIMESTAMP,'0');
INSERT INTO `tax_bands` (`tax_region_id`,`tax_type_id`,`band_id`,`frequency_id`,`lower_limit`,`upper_limit`,`rate`,`date_created`,`last_updated`,`version`) VALUES('1','2','9','2','4168','10000000','2',CURRENT_TIMESTAMP, CURRENT_TIMESTAMP,'0');

-- England region NI monthly
INSERT INTO `tax_bands` (`tax_region_id`,`tax_type_id`,`band_id`,`frequency_id`,`lower_limit`,`upper_limit`,`rate`,`date_created`,`last_updated`,`version`) VALUES('2','2','10','2','00','792','0',CURRENT_TIMESTAMP, CURRENT_TIMESTAMP,'0');
INSERT INTO `tax_bands` (`tax_region_id`,`tax_type_id`,`band_id`,`frequency_id`,`lower_limit`,`upper_limit`,`rate`,`date_created`,`last_updated`,`version`) VALUES('2','2','8','2','793','4167','12',CURRENT_TIMESTAMP, CURRENT_TIMESTAMP,'0');
INSERT INTO `tax_bands` (`tax_region_id`,`tax_type_id`,`band_id`,`frequency_id`,`lower_limit`,`upper_limit`,`rate`,`date_created`,`last_updated`,`version`) VALUES('2','2','9','2','4168','10000000','2',CURRENT_TIMESTAMP, CURRENT_TIMESTAMP,'0');

-- SBS Mortgage Offer
INSERT INTO `mortgage_offer_matrix` (`id`, `apr`, `mortgage_amount_min`, `mortgage_amount_max`, `ltv_min`, `ltv_max`, `mortgage_duration_years`) VALUES('1', '3.9', '30000', '1000000', '0', '60', '25');
INSERT INTO `mortgage_offer_matrix` (`id`, `apr`, `mortgage_amount_min`, `mortgage_amount_max`, `ltv_min`, `ltv_max`, `mortgage_duration_years`) VALUES('2', '3.9', '30000', '750000', '0', '70', '25');
INSERT INTO `mortgage_offer_matrix` (`id`, `apr`, `mortgage_amount_min`, `mortgage_amount_max`, `ltv_min`, `ltv_max`, `mortgage_duration_years`) VALUES('3', '3.9', '30000', '400000', '0', '80', '25');
INSERT INTO `mortgage_offer_matrix` (`id`, `apr`, `mortgage_amount_min`, `mortgage_amount_max`, `ltv_min`, `ltv_max`, `mortgage_duration_years`) VALUES('4', '4.3', '30000', '300000', '0', '85', '25');

-- Roles
insert into role (name, description) values ('AffordIQUser', 'AffordIQ User');
insert into role (name, description) values ('AdvisorRealiseIQUser', 'MAB Advisor User');
insert into role (name, description) values ('BlackArrowRealiseIQUser', 'Internal BlackArrow User');

-- FEES AND COSTS
-- Absolute
INSERT INTO `absolute_fees` (`id`, `date_created`, `last_updated`, `version`, `fee_amount`, `fee_currency_code`, `fee_type`, `lower_bound_amount`, `lower_bound_currency_code`, `upper_bound_amount`, `upper_bound_currency_code`) VALUES (2, CURRENT_TIMESTAMP, CURRENT_TIMESTAMP, 0, 40.00, 'GBP', 'REGISTRATION_ENGLAND', 80000.00, 'GBP', 100000.00, 'GBP');
INSERT INTO `absolute_fees` (`id`, `date_created`, `last_updated`, `version`, `fee_amount`, `fee_currency_code`, `fee_type`, `lower_bound_amount`, `lower_bound_currency_code`, `upper_bound_amount`, `upper_bound_currency_code`) VALUES (1, CURRENT_TIMESTAMP, CURRENT_TIMESTAMP, 0, 20.00, 'GBP', 'REGISTRATION_ENGLAND', 0.00, 'GBP', 80000.00, 'GBP');
INSERT INTO `absolute_fees` (`id`, `date_created`, `last_updated`, `version`, `fee_amount`, `fee_currency_code`, `fee_type`, `lower_bound_amount`, `lower_bound_currency_code`, `upper_bound_amount`, `upper_bound_currency_code`) VALUES (3, CURRENT_TIMESTAMP, CURRENT_TIMESTAMP, 0, 100.00, 'GBP', 'REGISTRATION_ENGLAND', 100000.00, 'GBP', 200000.00, 'GBP');
INSERT INTO `absolute_fees` (`id`, `date_created`, `last_updated`, `version`, `fee_amount`, `fee_currency_code`, `fee_type`, `lower_bound_amount`, `lower_bound_currency_code`, `upper_bound_amount`, `upper_bound_currency_code`) VALUES (4, CURRENT_TIMESTAMP, CURRENT_TIMESTAMP, 0, 150.00, 'GBP', 'REGISTRATION_ENGLAND', 200000.00, 'GBP', 500000.00, 'GBP');
INSERT INTO `absolute_fees` (`id`, `date_created`, `last_updated`, `version`, `fee_amount`, `fee_currency_code`, `fee_type`, `lower_bound_amount`, `lower_bound_currency_code`, `upper_bound_amount`, `upper_bound_currency_code`) VALUES (5, CURRENT_TIMESTAMP, CURRENT_TIMESTAMP, 0, 295.00, 'GBP', 'REGISTRATION_ENGLAND', 500000.00, 'GBP', 1000000.00, 'GBP');
INSERT INTO `absolute_fees` (`id`, `date_created`, `last_updated`, `version`, `fee_amount`, `fee_currency_code`, `fee_type`, `lower_bound_amount`, `lower_bound_currency_code`, `upper_bound_amount`, `upper_bound_currency_code`) VALUES (6, CURRENT_TIMESTAMP, CURRENT_TIMESTAMP, 0, 500.00, 'GBP', 'REGISTRATION_ENGLAND', 1000000.00, 'GBP', NULL, 'GBP');
INSERT INTO `absolute_fees` (`id`, `date_created`, `last_updated`, `version`, `fee_amount`, `fee_currency_code`, `fee_type`, `lower_bound_amount`, `lower_bound_currency_code`, `upper_bound_amount`, `upper_bound_currency_code`) VALUES (7, CURRENT_TIMESTAMP, CURRENT_TIMESTAMP, 0, 80.00, 'GBP', 'REGISTRATION_SCOTLAND', 0.00, 'GBP', 50000.00, 'GBP');
INSERT INTO `absolute_fees` (`id`, `date_created`, `last_updated`, `version`, `fee_amount`, `fee_currency_code`, `fee_type`, `lower_bound_amount`, `lower_bound_currency_code`, `upper_bound_amount`, `upper_bound_currency_code`) VALUES (8, CURRENT_TIMESTAMP, CURRENT_TIMESTAMP, 0, 140.00, 'GBP', 'REGISTRATION_SCOTLAND', 50000.00, 'GBP', 100000.00, 'GBP');
INSERT INTO `absolute_fees` (`id`, `date_created`, `last_updated`, `version`, `fee_amount`, `fee_currency_code`, `fee_type`, `lower_bound_amount`, `lower_bound_currency_code`, `upper_bound_amount`, `upper_bound_currency_code`) VALUES (9, CURRENT_TIMESTAMP, CURRENT_TIMESTAMP, 0, 260.00, 'GBP', 'REGISTRATION_SCOTLAND', 100000.00, 'GBP', 150000.00, 'GBP');
INSERT INTO `absolute_fees` (`id`, `date_created`, `last_updated`, `version`, `fee_amount`, `fee_currency_code`, `fee_type`, `lower_bound_amount`, `lower_bound_currency_code`, `upper_bound_amount`, `upper_bound_currency_code`) VALUES (10, CURRENT_TIMESTAMP, CURRENT_TIMESTAMP, 0, 400.00, 'GBP', 'REGISTRATION_SCOTLAND', 150000.00, 'GBP', 200000.00, 'GBP');
INSERT INTO `absolute_fees` (`id`, `date_created`, `last_updated`, `version`, `fee_amount`, `fee_currency_code`, `fee_type`, `lower_bound_amount`, `lower_bound_currency_code`, `upper_bound_amount`, `upper_bound_currency_code`) VALUES (11, CURRENT_TIMESTAMP, CURRENT_TIMESTAMP, 0, 530.00, 'GBP', 'REGISTRATION_SCOTLAND', 200000.00, 'GBP', 300000.00, 'GBP');
INSERT INTO `absolute_fees` (`id`, `date_created`, `last_updated`, `version`, `fee_amount`, `fee_currency_code`, `fee_type`, `lower_bound_amount`, `lower_bound_currency_code`, `upper_bound_amount`, `upper_bound_currency_code`) VALUES (12, CURRENT_TIMESTAMP, CURRENT_TIMESTAMP, 0, 660.00, 'GBP', 'REGISTRATION_SCOTLAND', 300000.00, 'GBP', 500000.00, 'GBP');
INSERT INTO `absolute_fees` (`id`, `date_created`, `last_updated`, `version`, `fee_amount`, `fee_currency_code`, `fee_type`, `lower_bound_amount`, `lower_bound_currency_code`, `upper_bound_amount`, `upper_bound_currency_code`) VALUES (13, CURRENT_TIMESTAMP, CURRENT_TIMESTAMP, 0, 800.00, 'GBP', 'REGISTRATION_SCOTLAND', 500000.00, 'GBP', 700000.00, 'GBP');
INSERT INTO `absolute_fees` (`id`, `date_created`, `last_updated`, `version`, `fee_amount`, `fee_currency_code`, `fee_type`, `lower_bound_amount`, `lower_bound_currency_code`, `upper_bound_amount`, `upper_bound_currency_code`) VALUES (14, CURRENT_TIMESTAMP, CURRENT_TIMESTAMP, 0, 930.00, 'GBP', 'REGISTRATION_SCOTLAND', 700000.00, 'GBP', 1000000.00, 'GBP');
INSERT INTO `absolute_fees` (`id`, `date_created`, `last_updated`, `version`, `fee_amount`, `fee_currency_code`, `fee_type`, `lower_bound_amount`, `lower_bound_currency_code`, `upper_bound_amount`, `upper_bound_currency_code`) VALUES (15, CURRENT_TIMESTAMP, CURRENT_TIMESTAMP, 0, 1100.00, 'GBP', 'REGISTRATION_SCOTLAND', 1000000.00, 'GBP', 2000000.00, 'GBP');
INSERT INTO `absolute_fees` (`id`, `date_created`, `last_updated`, `version`, `fee_amount`, `fee_currency_code`, `fee_type`, `lower_bound_amount`, `lower_bound_currency_code`, `upper_bound_amount`, `upper_bound_currency_code`) VALUES (16, CURRENT_TIMESTAMP, CURRENT_TIMESTAMP, 0, 3300.00, 'GBP', 'REGISTRATION_SCOTLAND', 2000000.00, 'GBP', 3000000.00, 'GBP');
INSERT INTO `absolute_fees` (`id`, `date_created`, `last_updated`, `version`, `fee_amount`, `fee_currency_code`, `fee_type`, `lower_bound_amount`, `lower_bound_currency_code`, `upper_bound_amount`, `upper_bound_currency_code`) VALUES (17, CURRENT_TIMESTAMP, CURRENT_TIMESTAMP, 0, 5500.00, 'GBP', 'REGISTRATION_SCOTLAND', 3000000.00, 'GBP', 5000000.00, 'GBP');
INSERT INTO `absolute_fees` (`id`, `date_created`, `last_updated`, `version`, `fee_amount`, `fee_currency_code`, `fee_type`, `lower_bound_amount`, `lower_bound_currency_code`, `upper_bound_amount`, `upper_bound_currency_code`) VALUES (18, CURRENT_TIMESTAMP, CURRENT_TIMESTAMP, 0, 8250.00, 'GBP', 'REGISTRATION_SCOTLAND', 5000000.00, 'GBP', NULL, 'GBP');
INSERT INTO `absolute_fees` (`id`, `date_created`, `last_updated`, `version`, `fee_amount`, `fee_currency_code`, `fee_type`, `lower_bound_amount`, `lower_bound_currency_code`, `upper_bound_amount`, `upper_bound_currency_code`) VALUES (19, CURRENT_TIMESTAMP, CURRENT_TIMESTAMP, 0, 1030.00, 'GBP', 'SOLICITOR', 0.00, 'GBP', 100000.00, 'GBP');
INSERT INTO `absolute_fees` (`id`, `date_created`, `last_updated`, `version`, `fee_amount`, `fee_currency_code`, `fee_type`, `lower_bound_amount`, `lower_bound_currency_code`, `upper_bound_amount`, `upper_bound_currency_code`) VALUES (20, CURRENT_TIMESTAMP, CURRENT_TIMESTAMP, 0, 1110.00, 'GBP', 'SOLICITOR', 100000.00, 'GBP', 200000.00, 'GBP');
INSERT INTO `absolute_fees` (`id`, `date_created`, `last_updated`, `version`, `fee_amount`, `fee_currency_code`, `fee_type`, `lower_bound_amount`, `lower_bound_currency_code`, `upper_bound_amount`, `upper_bound_currency_code`) VALUES (21, CURRENT_TIMESTAMP, CURRENT_TIMESTAMP, 0, 1230.00, 'GBP', 'SOLICITOR', 200000.00, 'GBP', 300000.00, 'GBP');
INSERT INTO `absolute_fees` (`id`, `date_created`, `last_updated`, `version`, `fee_amount`, `fee_currency_code`, `fee_type`, `lower_bound_amount`, `lower_bound_currency_code`, `upper_bound_amount`, `upper_bound_currency_code`) VALUES (22, CURRENT_TIMESTAMP, CURRENT_TIMESTAMP, 0, 1310.00, 'GBP', 'SOLICITOR', 300000.00, 'GBP', 400000.00, 'GBP');
INSERT INTO `absolute_fees` (`id`, `date_created`, `last_updated`, `version`, `fee_amount`, `fee_currency_code`, `fee_type`, `lower_bound_amount`, `lower_bound_currency_code`, `upper_bound_amount`, `upper_bound_currency_code`) VALUES (23, CURRENT_TIMESTAMP, CURRENT_TIMESTAMP, 0, 1390.00, 'GBP', 'SOLICITOR', 400000.00, 'GBP', 500000.00, 'GBP');
INSERT INTO `absolute_fees` (`id`, `date_created`, `last_updated`, `version`, `fee_amount`, `fee_currency_code`, `fee_type`, `lower_bound_amount`, `lower_bound_currency_code`, `upper_bound_amount`, `upper_bound_currency_code`) VALUES (24, CURRENT_TIMESTAMP, CURRENT_TIMESTAMP, 0, 1560.00, 'GBP', 'SOLICITOR', 500000.00, 'GBP', 600000.00, 'GBP');
INSERT INTO `absolute_fees` (`id`, `date_created`, `last_updated`, `version`, `fee_amount`, `fee_currency_code`, `fee_type`, `lower_bound_amount`, `lower_bound_currency_code`, `upper_bound_amount`, `upper_bound_currency_code`) VALUES (25, CURRENT_TIMESTAMP, CURRENT_TIMESTAMP, 0, 1630.00, 'GBP', 'SOLICITOR', 600000.00, 'GBP', 700000.00, 'GBP');
INSERT INTO `absolute_fees` (`id`, `date_created`, `last_updated`, `version`, `fee_amount`, `fee_currency_code`, `fee_type`, `lower_bound_amount`, `lower_bound_currency_code`, `upper_bound_amount`, `upper_bound_currency_code`) VALUES (26, CURRENT_TIMESTAMP, CURRENT_TIMESTAMP, 0, 1850.00, 'GBP', 'SOLICITOR', 700000.00, 'GBP', 800000.00, 'GBP');
INSERT INTO `absolute_fees` (`id`, `date_created`, `last_updated`, `version`, `fee_amount`, `fee_currency_code`, `fee_type`, `lower_bound_amount`, `lower_bound_currency_code`, `upper_bound_amount`, `upper_bound_currency_code`) VALUES (27, CURRENT_TIMESTAMP, CURRENT_TIMESTAMP, 0, 2010.00, 'GBP', 'SOLICITOR', 800000.00, 'GBP', 900000.00, 'GBP');
INSERT INTO `absolute_fees` (`id`, `date_created`, `last_updated`, `version`, `fee_amount`, `fee_currency_code`, `fee_type`, `lower_bound_amount`, `lower_bound_currency_code`, `upper_bound_amount`, `upper_bound_currency_code`) VALUES (28, CURRENT_TIMESTAMP, CURRENT_TIMESTAMP, 0, 2100.00, 'GBP', 'SOLICITOR', 900000.00, 'GBP', NULL, 'GBP');

-- Relative
INSERT INTO `relative_fees` (`id`, `date_created`, `last_updated`, `version`, `fee_factor`, `fee_type`, `lower_bound_amount`, `lower_bound_currency_code`, `upper_bound_amount`, `upper_bound_currency_code`) VALUES (1, CURRENT_TIMESTAMP, CURRENT_TIMESTAMP, 0, 0.00, 'PROPERTY_PURCHASE_TAX_ENGLAND', 0.00, 'GBP', 125000.00, 'GBP');
INSERT INTO `relative_fees` (`id`, `date_created`, `last_updated`, `version`, `fee_factor`, `fee_type`, `lower_bound_amount`, `lower_bound_currency_code`, `upper_bound_amount`, `upper_bound_currency_code`) VALUES (2, CURRENT_TIMESTAMP, CURRENT_TIMESTAMP, 0, 0.02, 'PROPERTY_PURCHASE_TAX_ENGLAND', 125000.00, 'GBP', 250000.00, 'GBP');
INSERT INTO `relative_fees` (`id`, `date_created`, `last_updated`, `version`, `fee_factor`, `fee_type`, `lower_bound_amount`, `lower_bound_currency_code`, `upper_bound_amount`, `upper_bound_currency_code`) VALUES (3, CURRENT_TIMESTAMP, CURRENT_TIMESTAMP, 0, 0.05, 'PROPERTY_PURCHASE_TAX_ENGLAND', 250000.00, 'GBP', 925000.00, 'GBP');
INSERT INTO `relative_fees` (`id`, `date_created`, `last_updated`, `version`, `fee_factor`, `fee_type`, `lower_bound_amount`, `lower_bound_currency_code`, `upper_bound_amount`, `upper_bound_currency_code`) VALUES (4, CURRENT_TIMESTAMP, CURRENT_TIMESTAMP, 0, 0.10, 'PROPERTY_PURCHASE_TAX_ENGLAND', 925000.00, 'GBP', 1500000.00, 'GBP');
INSERT INTO `relative_fees` (`id`, `date_created`, `last_updated`, `version`, `fee_factor`, `fee_type`, `lower_bound_amount`, `lower_bound_currency_code`, `upper_bound_amount`, `upper_bound_currency_code`) VALUES (5, CURRENT_TIMESTAMP, CURRENT_TIMESTAMP, 0, 0.12, 'PROPERTY_PURCHASE_TAX_ENGLAND', 1500000.00, 'GBP', NULL, 'GBP');
INSERT INTO `relative_fees` (`id`, `date_created`, `last_updated`, `version`, `fee_factor`, `fee_type`, `lower_bound_amount`, `lower_bound_currency_code`, `upper_bound_amount`, `upper_bound_currency_code`) VALUES (6, CURRENT_TIMESTAMP, CURRENT_TIMESTAMP, 0, 0.00, 'PROPERTY_PURCHASE_TAX_ENGLAND_LOW_VALUE', 0.00, 'GBP', 300000.00, 'GBP');
INSERT INTO `relative_fees` (`id`, `date_created`, `last_updated`, `version`, `fee_factor`, `fee_type`, `lower_bound_amount`, `lower_bound_currency_code`, `upper_bound_amount`, `upper_bound_currency_code`) VALUES (7, CURRENT_TIMESTAMP, CURRENT_TIMESTAMP, 0, 0.05, 'PROPERTY_PURCHASE_TAX_ENGLAND_LOW_VALUE', 300000.00, 'GBP', 500000.00, 'GBP');
INSERT INTO `relative_fees` (`id`, `date_created`, `last_updated`, `version`, `fee_factor`, `fee_type`, `lower_bound_amount`, `lower_bound_currency_code`, `upper_bound_amount`, `upper_bound_currency_code`) VALUES (8, CURRENT_TIMESTAMP, CURRENT_TIMESTAMP, 0, 0.00, 'PROPERTY_PURCHASE_TAX_SCOTLAND', 0.00, 'GBP', 175000.00, 'GBP');
INSERT INTO `relative_fees` (`id`, `date_created`, `last_updated`, `version`, `fee_factor`, `fee_type`, `lower_bound_amount`, `lower_bound_currency_code`, `upper_bound_amount`, `upper_bound_currency_code`) VALUES (9, CURRENT_TIMESTAMP, CURRENT_TIMESTAMP, 0, 0.02, 'PROPERTY_PURCHASE_TAX_SCOTLAND', 175000.00, 'GBP', 250000.00, 'GBP');
INSERT INTO `relative_fees` (`id`, `date_created`, `last_updated`, `version`, `fee_factor`, `fee_type`, `lower_bound_amount`, `lower_bound_currency_code`, `upper_bound_amount`, `upper_bound_currency_code`) VALUES (10, CURRENT_TIMESTAMP, CURRENT_TIMESTAMP, 0, 0.05, 'PROPERTY_PURCHASE_TAX_SCOTLAND', 250000.00, 'GBP', 325000.00, 'GBP');
INSERT INTO `relative_fees` (`id`, `date_created`, `last_updated`, `version`, `fee_factor`, `fee_type`, `lower_bound_amount`, `lower_bound_currency_code`, `upper_bound_amount`, `upper_bound_currency_code`) VALUES (11, CURRENT_TIMESTAMP, CURRENT_TIMESTAMP, 0, 0.10, 'PROPERTY_PURCHASE_TAX_SCOTLAND', 325000.00, 'GBP', 750000.00, 'GBP');
INSERT INTO `relative_fees` (`id`, `date_created`, `last_updated`, `version`, `fee_factor`, `fee_type`, `lower_bound_amount`, `lower_bound_currency_code`, `upper_bound_amount`, `upper_bound_currency_code`) VALUES (12, CURRENT_TIMESTAMP, CURRENT_TIMESTAMP, 0, 0.12, 'PROPERTY_PURCHASE_TAX_SCOTLAND', 750000.00, 'GBP', NULL, 'GBP');